"age","sex","bmi","children","smoker","region","charges"
20,"female",29.6,0,"no","southwest",1875.344
42,"female",23.37,0,"yes","northeast",19964.7463
61,"female",31.16,0,"no","northwest",13429.0354
22,"female",23.18,0,"no","northeast",2731.9122
25,"male",25.84,1,"no","northeast",3309.7926
22,"male",32.11,0,"no","northwest",2055.3249
45,"female",25.175,2,"no","northeast",9095.06825
60,"male",28.9,0,"no","southwest",12146.971
47,"male",38.94,2,"yes","southeast",44202.6536
18,"female",26.73,0,"no","southeast",1615.7667
22,"female",34.58,2,"no","northeast",3925.7582
18,"female",36.85,0,"no","southeast",1629.8335
55,"female",35.2,0,"yes","southeast",44423.803
24,"male",31.065,0,"yes","northeast",34254.05335
39,"male",32.34,2,"no","southeast",6338.0756
44,"male",25.365,1,"no","northwest",7518.02535
60,"female",38.06,0,"no","southeast",12648.7034
63,"female",21.66,0,"no","northeast",14449.8544
44,"male",22.135,2,"no","northeast",8302.53565
34,"female",27.5,1,"no","southwest",5003.853
58,"female",33.44,0,"no","northwest",12231.6136
52,"female",23.18,0,"no","northeast",10197.7722
52,"male",38.6,2,"no","southwest",10325.206
53,"female",39.6,1,"no","southeast",10579.711
53,"female",24.795,1,"no","northwest",10942.13205
18,"male",31.73,0,"yes","northeast",33732.6867
24,"female",23.21,0,"no","southeast",25081.76784
19,"male",30.59,0,"no","northwest",1639.5631
49,"female",33.345,2,"no","northeast",10370.91255
25,"male",25.74,0,"no","southeast",2137.6536
41,"female",31.02,0,"no","southeast",6185.3208
24,"female",33.345,0,"no","northwest",2855.43755
31,"female",30.495,3,"no","northeast",6113.23105
54,"male",39.6,1,"no","southwest",10450.552
36,"female",26.885,0,"no","northwest",5267.81815
19,"female",32.11,0,"no","northwest",2130.6759
51,"male",33.33,3,"no","southeast",10560.4917
28,"female",17.29,0,"no","northeast",3732.6251
27,"female",36.08,0,"yes","southeast",37133.8982
42,"female",29.48,2,"no","southeast",7640.3092
19,"male",27.7,0,"yes","southwest",16297.846
25,"male",23.9,5,"no","southwest",5080.096
33,"male",35.75,1,"yes","southeast",38282.7495
54,"male",25.46,1,"no","northeast",25517.11363
37,"male",34.2,1,"yes","northeast",39047.285
30,"male",31.57,3,"no","southeast",4837.5823
20,"female",21.8,0,"yes","southwest",20167.33603
19,"female",35.15,0,"no","northwest",2134.9015
58,"female",25.2,0,"no","southwest",11837.16
29,"male",28.975,1,"no","northeast",4040.55825
33,"female",19.095,2,"yes","northeast",16776.30405
39,"male",28.3,1,"yes","southwest",21082.16
33,"female",35.53,0,"yes","northwest",55135.40209
26,"female",22.61,0,"no","northwest",3176.8159
25,"male",29.7,3,"yes","southwest",19933.458
19,"male",20.7,0,"no","southwest",1242.816
63,"female",37.7,0,"yes","southwest",48824.45
38,"male",38.39,3,"yes","southeast",41949.2441
36,"male",35.2,1,"yes","southeast",38709.176
47,"male",28.215,4,"no","northeast",10407.08585
61,"female",29.92,3,"yes","southeast",30942.1918
24,"male",40.15,0,"yes","southeast",38126.2465
54,"male",25.1,3,"yes","southwest",25382.297
59,"male",25.46,0,"no","northwest",12124.9924
55,"female",33.535,2,"no","northwest",12269.68865
33,"female",26.695,0,"no","northwest",4571.41305
56,"female",27.2,0,"no","southwest",11073.176
32,"female",20.52,0,"no","northeast",4544.2348
42,"male",26.9,0,"no","southwest",5969.723
41,"male",33.55,0,"no","southeast",5699.8375
18,"male",43.01,0,"no","southeast",1149.3959
52,"female",37.4,0,"no","southwest",9634.538
61,"female",28.2,0,"no","southwest",13041.921
23,"male",27.36,1,"no","northwest",2789.0574
28,"male",37.1,1,"no","southwest",3277.161
42,"male",28.31,3,"yes","northwest",32787.45859
22,"male",52.58,1,"yes","southeast",44501.3982
58,"male",36.955,2,"yes","northwest",47496.49445
22,"female",28.05,0,"no","southeast",2155.6815
35,"male",36.67,1,"yes","northeast",39774.2763
48,"male",28,1,"yes","southwest",23568.272
49,"male",32.3,3,"no","northwest",10269.46
18,"male",25.46,0,"no","northeast",1708.0014
55,"female",29.83,0,"no","northeast",11286.5387
20,"female",33.3,0,"no","southwest",1880.487
43,"male",20.13,2,"yes","southeast",18767.7377
25,"female",34.485,0,"no","northwest",3021.80915
47,"male",47.52,1,"no","southeast",8083.9198
62,"female",30.495,2,"no","northwest",15019.76005
24,"male",29.3,0,"no","southwest",1977.815
51,"male",31.635,0,"no","northwest",9174.13565
53,"male",29.48,0,"no","southeast",9487.6442
24,"female",26.6,0,"no","northeast",3046.062
54,"female",31.9,3,"no","southeast",27322.73386
57,"male",33.63,1,"no","northwest",11945.1327
50,"female",26.22,2,"no","northwest",10493.9458
52,"male",27.36,0,"yes","northwest",24393.6224
19,"female",39.615,1,"no","northwest",2730.10785
19,"male",30.4,0,"no","southwest",1256.299
20,"male",30.115,5,"no","northeast",4915.05985
33,"male",27.1,1,"yes","southwest",19040.876
54,"female",47.41,0,"yes","southeast",63770.42801
50,"female",31.6,2,"no","southwest",10118.424
21,"male",35.53,0,"no","southeast",1532.4697
25,"male",30.59,0,"no","northeast",2727.3951
29,"male",33.345,2,"no","northwest",19442.3535
62,"male",30.875,3,"yes","northwest",46718.16325
55,"female",25.365,3,"no","northeast",13047.33235
23,"female",24.225,2,"no","northeast",22395.74424
40,"female",29.6,0,"no","southwest",5910.944
49,"female",31.9,5,"no","southwest",11552.904
49,"male",36.85,0,"no","southeast",8125.7845
30,"male",24.13,1,"no","northwest",4032.2407
49,"female",30.78,1,"no","northeast",9778.3472
27,"male",33.66,0,"no","southeast",2498.4144
25,"male",26.695,4,"no","northwest",4877.98105
35,"female",35.815,1,"no","northwest",5630.45785
22,"male",26.84,0,"no","southeast",1664.9996
31,"male",27.645,2,"no","northeast",5031.26955
44,"female",27.645,0,"no","northwest",7421.19455
18,"male",34.43,0,"no","southeast",1137.4697
37,"female",17.29,2,"no","northeast",6877.9801
30,"male",38.83,1,"no","southeast",18963.17192
35,"female",28.025,0,"yes","northwest",20234.85475
19,"female",28.6,5,"no","southwest",4687.797
57,"male",42.13,1,"yes","southeast",48675.5177
62,"male",31.46,1,"no","southeast",27000.98473
38,"male",19.3,0,"yes","southwest",15820.699
47,"male",25.41,1,"yes","southeast",21978.6769
46,"male",33.44,1,"no","northeast",8334.5896
31,"female",29.26,1,"no","southeast",4350.5144
35,"female",26.125,0,"no","northeast",5227.98875
58,"female",33.1,0,"no","southwest",11848.141
46,"male",24.795,3,"no","northeast",9500.57305
22,"female",24.3,0,"no","southwest",2150.469
43,"female",35.64,1,"no","southeast",7345.7266
32,"female",23.65,1,"no","southeast",17626.23951
18,"male",26.125,0,"no","northeast",1708.92575
54,"female",31.9,1,"no","southeast",10928.849
42,"female",40.37,2,"yes","southeast",43896.3763
64,"male",23.76,0,"yes","southeast",26926.5144
34,"male",22.42,2,"no","northeast",27375.90478
40,"female",22.22,2,"yes","southeast",19444.2658
27,"male",26.03,0,"no","northeast",3070.8087
30,"female",32.4,1,"no","southwest",4149.736
22,"male",31.73,0,"no","northeast",2254.7967
35,"male",34.77,2,"no","northwest",5729.0053
55,"female",40.81,3,"no","southeast",12485.8009
45,"female",25.7,3,"no","southwest",9101.798
19,"male",35.4,0,"no","southwest",1263.249
41,"female",36.08,1,"no","southeast",6781.3542
46,"male",40.375,2,"no","northwest",8733.22925
19,"male",34.1,0,"no","southwest",1261.442
20,"male",31.13,2,"no","southeast",2566.4707
51,"male",37,0,"no","southwest",8798.593
41,"male",28.405,1,"no","northwest",6664.68595
44,"male",32.015,2,"no","northwest",8116.26885
21,"male",23.75,2,"no","northwest",3077.0955
25,"female",32.23,1,"no","southeast",18218.16139
55,"male",32.67,1,"no","southeast",10807.4863
22,"male",37.07,2,"yes","southeast",37484.4493
64,"female",30.115,3,"no","northwest",16455.70785
45,"male",22.895,2,"yes","northwest",21098.55405
64,"female",31.825,2,"no","northeast",16069.08475
29,"female",27.94,1,"yes","southeast",19107.7796
57,"male",28.975,0,"yes","northeast",27218.43725
52,"male",30.2,1,"no","southwest",9724.53
53,"male",36.6,3,"no","southwest",11264.541
46,"female",27.72,1,"no","southeast",8232.6388
27,"female",31.4,0,"yes","southwest",34838.873
28,"male",35.435,0,"no","northeast",3268.84665
49,"female",34.77,1,"no","northwest",9583.8933
22,"female",30.4,0,"yes","northwest",33907.548
22,"female",20.235,0,"no","northwest",2527.81865
20,"male",28.025,1,"yes","northwest",17560.37975
56,"male",26.695,1,"yes","northwest",26109.32905
19,"female",32.9,0,"no","southwest",1748.774
31,"female",25.8,2,"no","southwest",4934.705
48,"female",33.11,0,"yes","southeast",40974.1649
51,"male",23.21,1,"yes","southeast",22218.1149
37,"male",30.875,3,"no","northwest",6796.86325
21,"male",23.21,0,"no","southeast",1515.3449
25,"female",24.3,3,"no","southwest",4391.652
29,"male",27.2,0,"no","southwest",2866.091
63,"male",41.325,3,"no","northwest",15555.18875
61,"female",36.385,1,"yes","northeast",48517.56315
40,"male",29.355,1,"no","northwest",6393.60345
51,"male",24.795,2,"yes","northwest",23967.38305
18,"female",24.09,1,"no","southeast",2201.0971
40,"male",32.775,1,"yes","northeast",39125.33225
19,"male",21.755,0,"no","northwest",1627.28245
38,"male",28.27,1,"no","southeast",5484.4673
42,"female",29,1,"no","southwest",7050.642
51,"female",37.05,3,"yes","northeast",46255.1125
57,"male",43.7,1,"no","southwest",11576.13
30,"female",22.895,1,"no","northeast",4719.52405
56,"male",25.935,0,"no","northeast",11165.41765
41,"male",32.2,2,"no","southwest",6875.961
48,"male",29.7,0,"no","southeast",7789.635
27,"female",23.21,1,"no","southeast",3561.8889
50,"female",28.16,3,"no","southeast",10702.6424
31,"male",20.4,0,"no","southwest",3260.199
49,"female",27.1,1,"no","southwest",26140.3603
57,"female",31.825,0,"no","northwest",11842.62375
36,"female",30.02,0,"no","northwest",5272.1758
35,"female",31,1,"no","southwest",5240.765
21,"male",31.1,0,"no","southwest",1526.312
50,"female",27.6,1,"yes","southwest",24520.264
48,"male",29.6,0,"no","southwest",21232.18226
49,"male",25.6,2,"yes","southwest",23306.547
43,"male",34.96,1,"yes","northeast",41034.2214
34,"male",42.9,1,"no","southwest",4536.259
48,"male",36.67,1,"no","northwest",28468.91901
32,"female",29.59,1,"no","southeast",4562.8421
35,"male",34.32,3,"no","southeast",5934.3798
37,"female",25.555,1,"yes","northeast",20296.86345
26,"female",29.48,1,"no","southeast",3392.3652
40,"male",22.705,2,"no","northeast",7173.35995
28,"male",33.82,0,"no","northwest",19673.33573
28,"male",38.06,0,"no","southeast",2689.4954
29,"female",21.755,1,"yes","northeast",16657.71745
45,"female",27.645,1,"no","northwest",28340.18885
62,"female",25,0,"no","southwest",13451.122
18,"male",33.535,0,"yes","northeast",34617.84065
39,"female",26.315,2,"no","northwest",7201.70085
64,"male",24.7,1,"no","northwest",30166.61817
46,"male",19.855,0,"no","northwest",7526.70645
58,"male",49.06,0,"no","southeast",11381.3254
42,"male",35.8,2,"no","southwest",7160.094
28,"male",29.26,2,"no","northeast",4438.2634
19,"female",25.745,1,"no","northwest",2710.82855
23,"male",31.73,3,"yes","northeast",36189.1017
58,"male",23.3,0,"no","southwest",11345.519
25,"female",23.465,0,"no","northeast",3206.49135
45,"female",39.995,3,"no","northeast",9704.66805
23,"male",23.845,0,"no","northeast",2395.17155
56,"male",32.11,1,"no","northeast",11763.0009
32,"female",29.735,0,"no","northwest",4357.04365
18,"female",33.88,0,"no","southeast",11482.63485
39,"male",26.41,0,"yes","northeast",20149.3229
18,"female",39.82,0,"no","southeast",1633.9618
24,"female",25.27,0,"no","northeast",3044.2133
19,"male",28.4,1,"no","southwest",1842.519
43,"female",24.7,2,"yes","northwest",21880.82
22,"male",37.62,1,"yes","southeast",37165.1638
55,"male",33,0,"no","southeast",20781.48892
52,"male",34.485,3,"yes","northwest",60021.39897
40,"female",27.4,1,"no","southwest",6496.886
56,"male",31.79,2,"yes","southeast",43813.8661
38,"male",16.815,2,"no","northeast",6640.54485
19,"female",37.43,0,"no","northwest",2138.0707
18,"female",38.28,0,"no","southeast",14133.03775
32,"female",31.54,1,"no","northeast",5148.5526
41,"female",32.6,3,"no","southwest",7954.517
28,"male",23.8,2,"no","southwest",3847.674
57,"female",38,2,"no","southwest",12646.207
50,"male",32.3,1,"yes","northeast",41919.097
19,"female",24.605,1,"no","northwest",2709.24395
27,"female",34.8,1,"no","southwest",3577.999
53,"female",33.25,0,"no","northeast",10564.8845
52,"male",47.74,1,"no","southeast",9748.9106
26,"female",22.23,0,"no","northwest",3176.2877
61,"male",38.38,0,"no","northwest",12950.0712
45,"female",35.815,0,"no","northwest",7731.85785
36,"male",29.7,0,"no","southeast",4399.731
39,"female",31.92,2,"no","northwest",7209.4918
53,"female",37.43,1,"no","northwest",10959.6947
20,"male",40.47,0,"no","northeast",1984.4533
64,"female",39.05,3,"no","southeast",16085.1275
55,"male",21.5,1,"no","southwest",10791.96
62,"female",32.68,0,"no","northwest",13844.7972
43,"female",30.685,2,"no","northwest",8310.83915
19,"female",24.51,1,"no","northwest",2709.1119
61,"male",35.86,0,"yes","southeast",46599.1084
54,"male",40.565,3,"yes","northeast",48549.17835
37,"male",46.53,3,"no","southeast",6435.6237
62,"female",39.16,0,"no","southeast",13470.8044
58,"female",32.965,0,"no","northeast",12430.95335
23,"male",41.91,0,"no","southeast",1837.2819
34,"female",26.73,1,"no","southeast",5002.7827
33,"female",32.9,2,"no","southwest",5375.038
45,"male",22.895,0,"yes","northeast",35069.37452
54,"male",30.21,0,"no","northwest",10231.4999
46,"female",23.655,1,"yes","northwest",21677.28345
46,"male",22.3,0,"no","southwest",7147.105
30,"female",28.38,1,"yes","southeast",19521.9682
20,"male",33,1,"no","southwest",1980.07
33,"female",18.5,1,"no","southwest",4766.022
44,"female",38.06,0,"yes","southeast",48885.13561
57,"female",22.23,0,"no","northeast",12029.2867
48,"female",27.93,4,"no","northwest",11015.1747
29,"male",29.735,2,"no","northwest",18157.876
55,"female",32.395,1,"no","northeast",11879.10405
64,"female",32.965,0,"no","northwest",14692.66935
52,"female",30.875,0,"no","northeast",23045.56616
24,"male",23.4,0,"no","southwest",1969.614
21,"female",21.85,1,"yes","northeast",15359.1045
61,"female",35.91,0,"no","northeast",13635.6379
34,"male",30.8,0,"yes","southwest",35491.64
59,"male",26.4,0,"no","southeast",11743.299
51,"male",25.4,0,"no","southwest",8782.469
38,"female",27.265,1,"no","northeast",6555.07035
30,"female",23.655,3,"yes","northwest",18765.87545
40,"male",29.9,2,"no","southwest",6600.361
28,"male",22.515,2,"no","northeast",4428.88785
32,"male",33.82,1,"no","northwest",4462.7218
56,"male",22.1,0,"no","southwest",10577.087
50,"female",30.115,1,"no","northwest",9910.35985
37,"female",34.105,1,"no","northwest",6112.35295
44,"male",27.4,2,"no","southwest",7726.854
36,"female",29.92,0,"no","southeast",4889.0368
26,"female",28.785,0,"no","northeast",3385.39915
36,"female",25.9,1,"no","southwest",5472.449
18,"male",33.66,0,"no","southeast",1136.3994
36,"female",29.92,1,"no","southeast",5478.0368
42,"male",24.86,0,"no","southeast",5966.8874
19,"female",29.8,0,"no","southwest",1744.465
57,"male",23.7,0,"no","southwest",10959.33
53,"male",28.6,3,"no","southwest",11253.421
19,"male",33.1,0,"no","southwest",23082.95533
46,"male",30.495,3,"yes","northwest",40720.55105
39,"male",24.51,2,"no","northwest",6710.1919
18,"male",30.03,1,"no","southeast",1720.3537
22,"male",34.8,3,"no","southwest",3443.064
50,"female",33.7,4,"no","southwest",11299.343
60,"male",25.74,0,"no","southeast",12142.5786
59,"female",27.72,3,"no","southeast",14001.1338
19,"male",34.9,0,"yes","southwest",34828.654
23,"female",32.78,2,"yes","southeast",36021.0112
53,"female",26.6,0,"no","northwest",10355.641
44,"female",32.34,1,"no","southeast",7633.7206
47,"female",36.63,1,"yes","southeast",42969.8527
42,"female",25.3,1,"no","southwest",7045.499
24,"female",39.49,0,"no","southeast",2480.9791
33,"female",24.31,0,"no","southeast",4185.0979
27,"male",30.3,3,"no","southwest",4260.744
47,"female",24.1,1,"no","southwest",26236.57997
32,"female",37.145,3,"no","northeast",6334.34355
34,"female",26.41,1,"no","northwest",5385.3379
32,"female",17.765,2,"yes","northwest",32734.1863
32,"female",33.155,3,"no","northwest",6128.79745
61,"female",22.04,0,"no","northeast",13616.3586
31,"female",31.065,0,"no","northeast",4347.02335
59,"male",24.7,0,"no","northeast",12323.936
22,"male",19.95,3,"no","northeast",4005.4225
24,"male",29.83,0,"yes","northeast",18648.4217
61,"female",33.33,4,"no","southeast",36580.28216
50,"female",25.6,0,"no","southwest",8932.084
54,"female",32.3,1,"no","northeast",11512.405
63,"female",31.8,0,"no","southwest",13880.949
37,"male",30.8,0,"no","southwest",4646.759
51,"male",32.3,1,"no","northeast",9964.06
36,"male",34.43,0,"yes","southeast",37742.5757
21,"female",22.135,0,"no","northeast",2585.85065
25,"female",28.595,0,"no","northeast",3213.62205
32,"male",28.12,4,"yes","northwest",21472.4788
35,"male",30.5,1,"no","southwest",4751.07
40,"female",33,3,"no","southeast",7682.67
62,"female",36.86,1,"no","northeast",31620.00106
50,"male",32.3,2,"no","southwest",9630.397
42,"female",32.87,0,"no","northeast",7050.0213
41,"female",32.965,0,"no","northwest",6571.02435
35,"female",43.34,2,"no","southeast",5846.9176
36,"female",29.04,4,"no","southeast",7243.8136
42,"male",26.125,2,"no","northeast",7729.64575
34,"female",33.7,1,"no","southwest",5012.471
25,"female",30.3,0,"no","southwest",2632.992
18,"male",23.21,0,"no","southeast",1121.8739
34,"male",21.375,0,"no","northeast",4500.33925
18,"male",33.33,0,"no","southeast",1135.9407
33,"female",33.5,0,"yes","southwest",37079.372
22,"female",39.805,0,"no","northeast",2755.02095
38,"female",27.6,0,"no","southwest",5383.536
64,"female",39.7,0,"no","southwest",14319.031
48,"male",40.565,2,"yes","northwest",45702.02235
58,"female",27.17,0,"no","northwest",12222.8983
40,"female",32.775,2,"yes","northwest",40003.33225
46,"female",48.07,2,"no","northeast",9432.9253
60,"male",36.955,0,"no","northeast",12741.16745
63,"female",35.2,1,"no","southeast",14474.675
34,"male",25.3,2,"yes","southeast",18972.495
42,"female",26.18,1,"no","southeast",7046.7222
41,"male",23.94,1,"no","northeast",6858.4796
41,"female",33.06,2,"no","northwest",7749.1564
21,"female",25.8,0,"no","southwest",2007.945
60,"male",28.595,0,"no","northeast",30259.99556
38,"female",40.565,1,"no","northwest",6373.55735
20,"female",26.84,1,"yes","southeast",17085.2676
35,"female",38.095,2,"no","northeast",24915.04626
52,"male",24.32,3,"yes","northeast",24869.8368
19,"female",22.515,0,"no","northwest",2117.33885
28,"female",25.8,0,"no","southwest",3161.454
52,"male",36.765,2,"no","northwest",26467.09737
32,"male",46.53,2,"no","southeast",4686.3887
18,"female",36.85,0,"yes","southeast",36149.4835
34,"female",37.335,2,"no","northwest",5989.52365
18,"female",25.08,0,"no","northeast",2196.4732
34,"female",33.25,1,"no","northeast",5594.8455
29,"female",25.9,0,"no","southwest",3353.284
25,"female",41.325,0,"no","northeast",17878.90068
22,"male",35.6,0,"yes","southwest",35585.576
62,"female",39.2,0,"no","southwest",13470.86
39,"male",29.6,4,"no","southwest",7512.267
44,"female",36.955,1,"no","northwest",8023.13545
27,"female",30.4,3,"no","northwest",18804.7524
18,"male",39.14,0,"no","northeast",12890.05765
45,"female",31.79,0,"no","southeast",17929.30337
60,"female",27.55,0,"no","northeast",13217.0945
29,"female",20.235,2,"no","northwest",4906.40965
19,"female",27.93,3,"no","northwest",18838.70366
45,"male",30.2,1,"no","southwest",7441.053
54,"female",30.8,3,"no","southwest",12105.32
18,"female",31.92,0,"no","northeast",2205.9808
31,"female",29.1,0,"no","southwest",3761.292
44,"female",29.81,2,"no","southeast",8219.2039
61,"male",33.535,0,"no","northeast",13143.33665
26,"male",27.06,0,"yes","southeast",17043.3414
50,"male",32.11,2,"no","northeast",25333.33284
25,"female",20.8,1,"no","southwest",3208.787
27,"female",24.75,0,"yes","southeast",16577.7795
55,"male",35.245,1,"no","northeast",11394.06555
44,"male",30.69,2,"no","southeast",7731.4271
59,"female",32.1,3,"no","southwest",14007.222
45,"female",30.9,2,"no","southwest",8520.026
51,"female",33.915,0,"no","northeast",9866.30485
45,"female",28.6,2,"no","southeast",8516.829
53,"female",35.9,2,"no","southwest",11163.568
61,"male",36.3,1,"yes","southwest",47403.88
28,"female",26.315,3,"no","northwest",5312.16985
36,"female",22.6,2,"yes","southwest",18608.262
18,"female",38.665,2,"no","northeast",3393.35635
47,"female",33.915,3,"no","northwest",10115.00885
18,"male",25.175,0,"yes","northeast",15518.18025
21,"female",16.815,1,"no","northeast",3167.45585
28,"male",33,3,"no","southeast",4449.462
32,"female",28.93,0,"no","southeast",3972.9247
28,"male",36.4,1,"yes","southwest",51194.55914
50,"male",27.455,1,"no","northeast",9617.66245
23,"female",39.27,2,"no","southeast",3500.6123
26,"male",23.7,2,"no","southwest",3484.331
63,"male",36.765,0,"no","northeast",13981.85035
43,"male",38.06,2,"yes","southeast",42560.4304
27,"male",33.155,2,"no","northwest",4058.71245
48,"male",32.3,1,"no","northwest",8765.249
49,"male",29.83,1,"no","northeast",9288.0267
19,"female",18.6,0,"no","southwest",1728.897
22,"male",28.31,1,"no","northwest",2639.0429
36,"female",27.74,0,"no","northeast",5469.0066
24,"male",23.655,0,"no","northwest",2352.96845
51,"female",40.66,0,"no","northeast",9875.6804
20,"female",30.59,0,"no","northeast",2459.7201
21,"male",31.02,0,"no","southeast",16586.49771
43,"male",23.2,0,"no","southwest",6250.435
52,"female",31.73,2,"no","northwest",11187.6567
46,"female",32.3,2,"no","northeast",9411.005
53,"male",41.47,0,"no","southeast",9504.3103
19,"female",21.7,0,"yes","southwest",13844.506
30,"female",27.93,0,"no","northeast",4137.5227
23,"male",32.7,3,"no","southwest",3591.48
25,"female",30.2,0,"yes","southwest",33900.653
43,"male",32.6,2,"no","southwest",7441.501
47,"female",23.6,1,"no","southwest",8539.671
50,"male",25.365,2,"no","northwest",30284.64294
62,"female",26.29,0,"yes","southeast",27808.7251
35,"female",34.8,1,"no","southwest",5246.047
42,"male",35.97,2,"no","southeast",7160.3303
18,"male",21.47,0,"no","northeast",1702.4553
48,"female",36.575,0,"no","northwest",8671.19125
40,"female",28.12,1,"yes","northeast",22331.5668
38,"male",34.7,2,"no","southwest",6082.405
54,"female",32.68,0,"no","northeast",10923.9332
58,"male",28.595,0,"no","northwest",11735.87905
19,"female",34.7,2,"yes","southwest",36397.576
30,"male",37.43,3,"no","northeast",5428.7277
48,"male",34.3,3,"no","southwest",9563.029
49,"male",30.3,0,"no","southwest",8116.68
22,"female",36,0,"no","southwest",2166.732
49,"male",28.69,3,"no","northwest",10264.4421
50,"female",28.12,3,"no","northwest",11085.5868
30,"male",25.46,0,"no","northeast",3645.0894
45,"male",27.5,3,"no","southwest",8615.3
54,"male",29.2,1,"no","southwest",10436.096
55,"female",26.98,0,"no","northwest",11082.5772
60,"male",32.8,0,"yes","southwest",52590.82939
23,"male",17.385,1,"no","northwest",2775.19215
36,"female",22.135,3,"no","northeast",7228.21565
29,"female",26.03,0,"no","northwest",3736.4647
58,"male",34.865,0,"no","northeast",11944.59435
46,"female",30.8,3,"no","southwest",9414.92
42,"male",24.64,0,"yes","southeast",19515.5416
33,"female",28.27,1,"no","southeast",4779.6023
43,"female",29.9,1,"no","southwest",7337.748
38,"male",37.05,1,"no","northeast",6079.6715
30,"female",43.12,2,"no","southeast",4753.6368
59,"male",41.14,1,"yes","southeast",48970.2476
33,"male",24.795,0,"yes","northeast",17904.52705
39,"female",34.1,3,"no","southwest",7418.522
41,"female",32.2,1,"no","southwest",6775.961
54,"male",24.035,0,"no","northeast",10422.91665
19,"male",30.25,0,"yes","southeast",32548.3405
19,"male",25.555,0,"no","northwest",1632.56445
31,"male",34.39,3,"yes","northwest",38746.3551
42,"female",36.195,1,"no","northwest",7443.64305
20,"female",33,0,"no","southeast",1880.07
52,"male",33.25,0,"no","northeast",9722.7695
55,"female",37.1,0,"no","southwest",10713.644
35,"male",24.13,1,"no","northwest",5125.2157
19,"male",28.7,0,"no","southwest",1253.936
56,"female",28.31,0,"no","northeast",11657.7189
57,"male",40.945,0,"no","northeast",11566.30055
49,"male",30.9,0,"yes","southwest",39727.614
54,"female",31.24,0,"no","southeast",10338.9316
53,"male",31.16,1,"no","northwest",10461.9794
43,"female",25.27,1,"yes","northeast",21771.3423
44,"female",27.5,1,"no","southwest",7626.993
37,"female",27.74,3,"no","northwest",7281.5056
33,"male",24.605,2,"no","northwest",5257.50795
30,"female",21.945,1,"no","northeast",4718.20355
64,"female",31.3,2,"yes","southwest",47291.055
61,"female",21.09,0,"no","northwest",13415.0381
43,"male",27.8,0,"yes","southwest",37829.7242
37,"female",38.39,0,"yes","southeast",40419.0191
58,"male",32.01,1,"no","southeast",11946.6259
63,"female",27.74,0,"yes","northeast",29523.1656
54,"female",46.7,2,"no","southwest",11538.421
30,"female",27.7,0,"no","southwest",3554.203
61,"male",28.31,1,"yes","northwest",28868.6639
56,"male",34.43,0,"no","southeast",10594.2257
51,"female",21.56,1,"no","southeast",9855.1314
24,"male",28.5,0,"yes","northeast",35147.52848
38,"female",27.835,2,"no","northeast",7144.86265
64,"male",34.5,0,"no","southwest",13822.803
39,"female",34.32,5,"no","southeast",8596.8278
18,"male",17.29,2,"yes","northeast",12829.4551
63,"male",35.09,0,"yes","southeast",47055.5321
44,"male",34.32,1,"no","southeast",7147.4728
52,"female",46.75,5,"no","southeast",12592.5345
53,"male",20.9,0,"yes","southeast",21195.818
55,"male",37.3,0,"no","southwest",20630.28351
19,"male",27.835,0,"no","northwest",1635.73365
25,"female",22.515,1,"no","northwest",3594.17085
46,"female",28.05,1,"no","southeast",8233.0975
28,"female",23.845,2,"no","northwest",4719.73655
26,"male",33.915,1,"no","northwest",3292.52985
18,"female",30.115,0,"no","northeast",21344.8467
35,"male",27.74,2,"yes","northeast",20984.0936
20,"female",28.785,0,"no","northeast",2457.21115
60,"male",31.35,3,"yes","northwest",46130.5265
48,"male",24.42,0,"yes","southeast",21223.6758
45,"male",28.7,2,"no","southwest",8027.968
19,"female",28.9,0,"no","southwest",1743.214
59,"male",37.1,1,"no","southwest",12347.172
48,"female",32.3,2,"no","northeast",10043.249
60,"male",29.64,0,"no","northeast",12730.9996
24,"male",25.8,0,"no","southwest",1972.95
52,"male",36.7,0,"no","southwest",9144.565
26,"female",29.92,2,"no","southeast",3981.9768
41,"female",31.6,0,"no","southwest",6186.127
19,"male",25.175,0,"no","northwest",1632.03625
20,"male",22,1,"no","southwest",1964.78
41,"male",40.26,0,"no","southeast",5709.1644
56,"female",41.91,0,"no","southeast",11093.6229
38,"female",28.93,1,"no","southeast",5974.3847
27,"male",30.5,0,"no","southwest",2494.022
46,"female",33.44,1,"no","southeast",8240.5896
26,"female",17.195,2,"yes","northeast",14455.64405
43,"male",35.97,3,"yes","southeast",42124.5153
56,"female",26.6,1,"no","northwest",12044.342
31,"male",28.595,1,"no","northwest",4243.59005
24,"male",33.63,4,"no","northeast",17128.42608
51,"female",34.2,1,"no","southwest",9872.701
29,"male",27.94,0,"no","southeast",2867.1196
62,"male",38.83,0,"no","southeast",12981.3457
29,"male",37.29,2,"no","southeast",4058.1161
28,"female",26.51,2,"no","southeast",4340.4409
24,"male",35.86,0,"no","southeast",1986.9334
43,"male",25.52,5,"no","southeast",14478.33015
34,"female",38,3,"no","southwest",6196.448
52,"male",41.8,2,"yes","southeast",47269.854
42,"male",26.07,1,"yes","southeast",38245.59327
57,"female",28.7,0,"no","southwest",11455.28
49,"female",21.3,1,"no","southwest",9182.17
59,"female",31.35,0,"no","northwest",12622.1795
37,"female",23.37,2,"no","northwest",6686.4313
37,"male",22.705,3,"no","northeast",6985.50695
51,"female",36.67,2,"no","northwest",10848.1343
56,"female",25.3,0,"no","southwest",11070.535
50,"male",25.3,0,"no","southeast",8442.667
33,"male",35.245,0,"no","northeast",12404.8791
47,"female",27.83,0,"yes","southeast",23065.4207
37,"female",30.78,0,"yes","northeast",37270.1512
50,"male",34.2,2,"yes","southwest",42856.838
52,"female",30.78,1,"no","northeast",10797.3362
33,"male",33.44,5,"no","southeast",6653.7886
40,"male",35.3,3,"no","southwest",7196.867
46,"male",39.425,1,"no","northeast",8342.90875
52,"female",25.3,2,"yes","southeast",24667.419
18,"female",31.35,0,"no","southeast",1622.1885
43,"female",26.7,2,"yes","southwest",22478.6
31,"female",32.68,1,"no","northwest",4738.2682
19,"female",28.31,0,"yes","northwest",17468.9839
24,"female",24.225,0,"no","northwest",2842.76075
62,"male",30.02,0,"no","northwest",13352.0998
26,"male",29.15,1,"no","southeast",2902.9065
63,"female",26.98,0,"yes","northwest",28950.4692
54,"female",24.605,3,"no","northwest",12479.70895
26,"male",32.49,1,"no","northeast",3490.5491
45,"male",36.48,2,"yes","northwest",42760.5022
45,"male",24.035,2,"no","northeast",8604.48365
24,"male",26.79,1,"no","northwest",12609.88702
45,"female",30.495,1,"yes","northwest",39725.51805
41,"male",30.78,3,"yes","northeast",39597.4072
24,"female",33.99,0,"no","southeast",2473.3341
49,"female",27.17,0,"no","southeast",8601.3293
49,"female",36.63,3,"no","southeast",10381.4787
30,"male",27.645,1,"no","northeast",4237.12655
31,"male",28.5,5,"no","northeast",6799.458
36,"male",28.025,1,"yes","northeast",20773.62775
26,"male",32.9,2,"yes","southwest",36085.219
43,"female",35.72,2,"no","northeast",19144.57652
48,"male",30.2,2,"no","southwest",8968.33
25,"female",33.99,1,"no","southeast",3227.1211
19,"female",27.9,0,"yes","southwest",16884.924
58,"female",28.215,0,"no","northwest",12224.35085
34,"male",34.675,0,"no","northeast",4518.82625
59,"female",35.2,0,"no","southeast",12244.531
31,"male",31.065,3,"no","northwest",5425.02335
38,"male",29.26,2,"no","northwest",6457.8434
58,"male",25.175,0,"no","northeast",11931.12525
64,"male",36.96,2,"yes","southeast",49577.6624
57,"male",34.01,0,"no","northwest",11356.6609
34,"male",32.8,1,"no","southwest",14358.36437
18,"female",21.66,0,"yes","northeast",14283.4594
48,"male",37.29,2,"no","southeast",8978.1851
47,"female",29.37,1,"no","southeast",8547.6913
31,"male",29.81,0,"yes","southeast",19350.3689
48,"female",28.9,0,"no","southwest",8277.523
51,"male",42.9,2,"yes","southeast",47462.894
33,"male",42.4,5,"no","southwest",6666.243
28,"female",37.62,1,"no","southeast",3766.8838
56,"male",33.725,0,"no","northwest",10976.24575
28,"female",24.32,1,"no","northeast",23288.9284
39,"female",41.8,0,"no","southeast",5662.225
33,"male",30.25,0,"no","southeast",3704.3545
34,"male",27,2,"no","southwest",11737.84884
51,"female",37.73,1,"no","southeast",9877.6077
55,"male",33.88,3,"no","southeast",11987.1682
19,"male",24.6,1,"no","southwest",1837.237
53,"male",28.88,0,"no","northwest",9869.8102
63,"male",41.47,0,"no","southeast",13405.3903
59,"female",32.395,3,"no","northeast",14590.63205
31,"male",25.9,3,"yes","southwest",19199.944
62,"male",32.11,0,"no","northeast",13555.0049
50,"male",26.41,0,"no","northwest",8827.2099
46,"female",33.725,1,"no","northeast",8823.98575
23,"male",32.56,0,"no","southeast",1824.2854
43,"male",26.03,0,"no","northeast",6837.3687
19,"male",20.3,0,"no","southwest",1242.26
64,"male",26.41,0,"no","northeast",14394.5579
23,"female",28.31,0,"yes","northwest",18033.9679
20,"female",37,5,"no","southwest",4830.63
28,"male",31.68,0,"yes","southeast",34672.1472
23,"female",23.18,2,"no","northwest",14426.07385
21,"female",21.89,2,"no","southeast",3180.5101
32,"female",29.8,2,"no","southwest",5152.134
28,"male",26.98,2,"no","northeast",4435.0942
35,"male",38.6,1,"no","southwest",4762.329
47,"female",26.6,2,"no","northeast",9715.841
60,"male",24.32,0,"no","northwest",12523.6048
63,"female",32.2,2,"yes","southwest",47305.305
20,"female",24.42,0,"yes","southeast",26125.67477
36,"female",19.855,0,"no","northeast",5458.04645
63,"male",33.66,3,"no","southeast",15161.5344
27,"female",20.045,3,"yes","northwest",16420.49455
23,"male",35.2,1,"no","southwest",2416.955
32,"male",33.63,1,"yes","northeast",37607.5277
18,"male",53.13,0,"no","southeast",1163.4627
63,"female",36.85,0,"no","southeast",13887.9685
62,"male",32.015,0,"yes","northeast",45710.20785
43,"female",34.58,1,"no","northwest",7727.2532
24,"female",27.72,0,"no","southeast",2464.6188
43,"male",30.115,3,"no","northwest",8410.04685
29,"male",22.895,0,"yes","northeast",16138.76205
60,"male",24.32,1,"no","northwest",13112.6048
22,"female",31.02,3,"yes","southeast",35595.5898
59,"female",26.505,0,"no","northeast",12815.44495
29,"female",29.59,1,"no","southeast",3947.4131
41,"male",30.59,2,"no","northwest",7256.7231
44,"female",25,1,"no","southwest",7623.518
60,"male",40.92,0,"yes","southeast",48673.5588
30,"male",35.53,0,"yes","southeast",36950.2567
45,"male",20.35,3,"no","southeast",8605.3615
30,"female",28.405,1,"no","northwest",4527.18295
55,"male",30.685,0,"yes","northeast",42303.69215
45,"male",21.375,0,"no","northwest",7222.78625
21,"female",34.87,0,"no","southeast",2020.5523
34,"female",31.92,1,"yes","northeast",37701.8768
23,"male",18.715,0,"no","northwest",21595.38229
53,"female",22.88,1,"yes","southeast",23244.7902
55,"female",30.5,0,"no","southwest",10704.47
42,"female",33.155,1,"no","northeast",7639.41745
40,"male",30.875,4,"no","northwest",8162.71625
27,"female",25.175,0,"no","northeast",3558.62025
18,"male",30.14,0,"no","southeast",1131.5066
18,"female",29.165,0,"no","northeast",7323.734819
26,"male",20.8,0,"no","southwest",2302.3
43,"male",30.1,1,"no","southwest",6849.026
56,"male",39.6,0,"no","southwest",10601.412
18,"male",33.77,1,"no","southeast",1725.5523
39,"female",23.275,3,"no","northeast",7986.47525
53,"male",24.32,0,"no","northwest",9863.4718
45,"male",30.495,2,"no","northwest",8413.46305
33,"female",38.9,3,"no","southwest",5972.378
31,"female",26.62,0,"no","southeast",3757.8448
18,"male",29.37,1,"no","southeast",1719.4363
18,"male",21.565,0,"yes","northeast",13747.87235
60,"female",25.84,0,"no","northwest",28923.13692
36,"male",41.895,3,"yes","northeast",43753.33705
54,"male",31.6,0,"no","southwest",9850.432
19,"female",30.02,0,"yes","northwest",33307.5508
42,"male",34.1,0,"no","southwest",5979.731
50,"female",23.54,2,"no","southeast",10107.2206
61,"male",36.1,3,"no","southwest",27941.28758
63,"male",39.8,3,"no","southwest",15170.069
29,"female",31.16,0,"no","northeast",3943.5954
44,"male",38.06,1,"no","southeast",7152.6714
18,"female",37.29,1,"no","southeast",2219.4451
26,"female",40.185,0,"no","northwest",3201.24515
19,"female",28.3,0,"yes","southwest",17081.08
18,"male",23.32,1,"no","southeast",1711.0268
21,"female",17.4,1,"no","southwest",2585.269
28,"male",23.98,3,"yes","southeast",17663.1442
35,"female",34.21,1,"no","southeast",5245.2269
40,"female",25.46,1,"no","northeast",7077.1894
30,"male",31.4,1,"no","southwest",3659.346
52,"female",38.38,2,"no","northeast",11396.9002
30,"female",39.05,3,"yes","southeast",40932.4295
29,"male",29.64,1,"no","northeast",20277.80751
49,"female",41.47,4,"no","southeast",10977.2063
32,"female",41.1,0,"no","southwest",3989.841
60,"female",32.45,0,"yes","southeast",45008.9555
53,"male",26.41,2,"no","northeast",11244.3769
23,"male",26.51,0,"no","southeast",1815.8759
37,"male",24.32,2,"no","northwest",6198.7518
51,"male",27.74,1,"no","northeast",9957.7216
58,"male",38,0,"no","southwest",11365.952
63,"male",21.66,1,"no","northwest",14349.8544
19,"male",34.4,0,"no","southwest",1261.859
26,"female",29.92,1,"no","southeast",3392.9768
54,"female",23,3,"no","southwest",12094.478
30,"female",19.95,3,"no","northwest",5693.4305
38,"female",40.15,0,"no","southeast",5400.9805
55,"male",29.9,0,"no","southwest",10214.636
51,"male",39.7,1,"no","southwest",9391.346
19,"male",20.425,0,"no","northwest",1625.43375
21,"male",36.86,0,"no","northwest",1917.3184
24,"female",30.1,3,"no","southwest",4234.927
20,"female",31.46,0,"no","southeast",1877.9294
24,"female",27.6,0,"no","southwest",18955.22017
57,"female",31.16,0,"yes","northwest",43578.9394
39,"male",29.925,1,"yes","northeast",22462.04375
36,"male",34.43,2,"no","southeast",5584.3057
45,"female",27.83,2,"no","southeast",8515.7587
24,"male",32.01,0,"no","southeast",1981.5819
36,"male",33.82,1,"no","northwest",5377.4578
45,"male",23.56,2,"no","northeast",8603.8234
62,"female",32.965,3,"no","northwest",15612.19335
63,"female",25.08,0,"no","northwest",14254.6082
18,"male",26.18,2,"no","southeast",2304.0022
27,"female",31.255,1,"no","northwest",3956.07145
54,"male",21.01,2,"no","southeast",11013.7119
61,"male",43.4,0,"no","southwest",12574.049
35,"female",34.105,3,"yes","northwest",39983.42595
62,"male",39.93,0,"no","southeast",12982.8747
58,"female",32.395,1,"no","northeast",13019.16105
31,"male",39.49,1,"no","southeast",3875.7341
63,"female",23.085,0,"no","northeast",14451.83515
59,"male",31.79,2,"no","southeast",12928.7911
44,"male",21.85,3,"no","northeast",8891.1395
18,"female",20.79,0,"no","southeast",1607.5101
22,"male",28.88,0,"no","northeast",2250.8352
31,"male",38.39,2,"no","southeast",4463.2051
26,"female",29.355,2,"no","northeast",4564.19145
21,"female",35.72,0,"no","northwest",2404.7338
51,"male",30.03,1,"no","southeast",9377.9047
19,"male",26.03,1,"yes","northwest",16450.8947
22,"female",30.4,0,"no","northeast",2741.948
48,"female",31.13,0,"no","southeast",8280.6227
23,"female",36.67,2,"yes","northeast",38511.6283
51,"male",24.415,4,"no","northwest",11520.09985
35,"male",39.71,4,"no","northeast",19496.71917
62,"female",29.92,0,"no","southeast",13457.9608
54,"female",21.47,3,"no","northwest",12475.3513
61,"male",32.3,2,"no","northwest",14119.62
19,"male",17.48,0,"no","northwest",1621.3402
49,"female",23.18,2,"no","northwest",10156.7832
55,"female",32.775,2,"no","northwest",12268.63225
28,"female",33,2,"no","southeast",4349.462
54,"female",28.88,2,"no","northeast",12096.6512
58,"female",31.825,2,"no","northeast",13607.36875
20,"male",27.3,0,"yes","southwest",16232.847
30,"male",28.69,3,"yes","northwest",20745.9891
25,"male",27.55,0,"no","northwest",2523.1695
44,"female",23.98,2,"no","southeast",8211.1002
19,"male",20.615,2,"no","northwest",2803.69785
50,"male",37.07,1,"no","southeast",9048.0273
26,"female",29.64,4,"no","northeast",24671.66334
24,"male",32.7,0,"yes","southwest",34472.841
63,"female",36.3,0,"no","southeast",13887.204
24,"female",30.21,3,"no","northwest",4618.0799
36,"male",28.595,3,"no","northwest",6548.19505
23,"male",37.1,3,"no","southwest",3597.596
50,"male",36.2,0,"no","southwest",8457.818
41,"female",21.755,1,"no","northeast",13725.47184
58,"female",22.77,0,"no","southeast",11833.7823
29,"female",35.53,0,"no","southeast",3366.6697
52,"male",26.4,3,"no","southeast",25992.82104
49,"female",23.845,3,"yes","northeast",24106.91255
29,"male",38.94,1,"no","southeast",3471.4096
50,"male",31.825,0,"yes","northeast",41097.16175
35,"male",27.1,1,"no","southwest",4746.344
47,"female",27.645,2,"yes","northwest",24535.69855
19,"male",19.8,0,"no","southwest",1241.565
20,"male",29.735,0,"no","northwest",1769.53165
64,"female",26.885,0,"yes","northwest",29330.98315
61,"female",29.07,0,"yes","northwest",29141.3603
45,"female",35.3,0,"no","southwest",7348.142
48,"female",33.33,0,"no","southeast",8283.6807
47,"male",25.46,2,"no","northeast",9225.2564
53,"female",36.86,3,"yes","northwest",46661.4424
18,"male",21.78,2,"no","southeast",11884.04858
43,"female",32.56,3,"yes","southeast",40941.2854
19,"male",20.9,1,"no","southwest",1832.094
19,"female",28.88,0,"yes","northwest",17748.5062
31,"female",38.095,1,"yes","northeast",58571.07448
47,"female",36,1,"no","southwest",8556.907
35,"female",35.86,2,"no","southeast",5836.5204
55,"male",32.775,0,"no","northwest",10601.63225
46,"female",19.95,2,"no","northwest",9193.8385
59,"female",36.765,1,"yes","northeast",47896.79135
49,"female",42.68,2,"no","southeast",9800.8882
21,"male",28.975,0,"no","northwest",1906.35825
50,"male",32.205,0,"no","northwest",8835.26495
26,"male",30,1,"no","southwest",2904.088
19,"male",30.59,0,"no","northwest",1639.5631
38,"female",37.73,0,"no","southeast",5397.6167
19,"female",28.4,1,"no","southwest",2331.519
22,"female",21.28,3,"no","northwest",4296.2712
49,"female",22.61,1,"no","northwest",9566.9909
18,"male",38.17,0,"yes","southeast",36307.7983
47,"female",45.32,1,"no","southeast",8569.8618
57,"male",28.1,0,"no","southwest",10965.446
27,"male",42.13,0,"yes","southeast",39611.7577
18,"female",39.16,0,"no","southeast",1633.0444
23,"female",33.4,0,"no","southwest",10795.93733
48,"female",32.23,1,"no","southeast",8871.1517
48,"female",28.88,1,"no","northwest",9249.4952
29,"female",25.6,4,"no","southwest",5708.867
34,"female",19,3,"no","northeast",6753.038
48,"male",31.445,1,"no","northeast",8964.06055
47,"female",29.545,1,"no","northwest",8930.93455
23,"female",34.865,0,"no","northeast",2899.48935
48,"male",35.625,4,"no","northeast",10736.87075
52,"female",31.2,0,"no","southwest",9625.92
18,"female",40.185,0,"no","northeast",2217.46915
28,"female",25.935,1,"no","northwest",4133.64165
44,"male",29.735,2,"no","northeast",32108.66282
59,"female",23.655,0,"yes","northwest",25678.77845
21,"female",32.68,2,"no","northwest",26018.95052
35,"female",27.7,3,"no","southwest",6414.178
47,"male",36.19,0,"yes","southeast",41676.0811
55,"male",37.715,3,"no","northwest",30063.58055
27,"male",28.5,0,"yes","northwest",18310.742
34,"female",29.26,3,"no","southeast",6184.2994
62,"male",26.695,0,"yes","northeast",28101.33305
40,"male",41.69,0,"no","southeast",5438.7491
30,"female",30.9,3,"no","southwest",5325.651
38,"female",28,3,"no","southwest",7151.092
53,"female",32.3,2,"no","northeast",29186.48236
18,"female",40.26,0,"no","southeast",1634.5734
41,"male",21.78,1,"no","southeast",6272.4772
18,"female",32.12,2,"no","southeast",2801.2588
23,"female",28,0,"no","southwest",13126.67745
59,"male",29.83,3,"yes","northeast",30184.9367
19,"male",44.88,0,"yes","southeast",39722.7462
24,"female",22.6,0,"no","southwest",2457.502
52,"female",24.13,1,"yes","northwest",23887.6627
22,"female",27.1,0,"no","southwest",2154.361
20,"male",33.33,0,"no","southeast",1391.5287
20,"female",31.79,2,"no","southeast",3056.3881
37,"female",47.6,2,"yes","southwest",46113.511
50,"male",44.77,1,"no","southeast",9058.7303
24,"male",28.5,2,"no","northwest",3537.703
18,"female",31.13,0,"no","southeast",1621.8827
19,"female",17.8,0,"no","southwest",1727.785
49,"male",25.84,1,"no","northeast",9282.4806
20,"male",35.625,3,"yes","northwest",37465.34375
38,"female",19.95,2,"no","northeast",7133.9025
19,"female",33.11,0,"yes","southeast",34439.8559
35,"male",17.86,1,"no","northwest",5116.5004
58,"female",29,0,"no","southwest",11842.442
28,"female",33.4,0,"no","southwest",3172.018
31,"male",36.3,2,"yes","southwest",38711
30,"male",35.3,0,"yes","southwest",36837.467
18,"male",28.31,1,"no","northeast",11272.33139
18,"male",22.99,0,"no","northeast",1704.5681
46,"female",35.53,0,"yes","northeast",42111.6647
29,"female",24.6,2,"no","southwest",4529.477
18,"male",23.085,0,"no","northeast",1704.70015
23,"female",42.75,1,"yes","northeast",40904.1995
31,"female",36.63,2,"no","southeast",4949.7587
28,"male",24.3,5,"no","southwest",5615.369
32,"male",37.18,2,"no","southeast",4673.3922
44,"male",30.2,2,"yes","southwest",38998.546
37,"male",34.1,4,"yes","southwest",40182.246
50,"female",44.745,0,"no","northeast",9541.69555
53,"male",34.105,0,"yes","northeast",43254.41795
38,"female",19.475,2,"no","northwest",6933.24225
46,"female",30.2,2,"no","southwest",8825.086
46,"male",38.17,2,"no","southeast",8347.1643
43,"female",46.2,0,"yes","southeast",45863.205
29,"male",32.11,2,"no","northwest",4433.9159
33,"female",42.94,3,"no","northwest",6360.9936
21,"male",31.255,0,"no","northwest",1909.52745
19,"male",29.07,0,"yes","northwest",17352.6803
21,"female",33.63,2,"no","northwest",3579.8287
37,"female",26.4,0,"yes","southeast",19539.243
51,"female",34.96,2,"yes","northeast",44641.1974
52,"female",18.335,0,"no","northwest",9991.03765
40,"female",28.69,3,"no","northwest",8059.6791
24,"female",29.925,0,"no","northwest",2850.68375
53,"male",30.495,0,"no","northeast",10072.05505
61,"male",33.915,0,"no","northeast",13143.86485
21,"female",34.6,0,"no","southwest",2020.177
33,"male",29.4,4,"no","southwest",6059.173
18,"male",23.75,0,"no","northeast",1705.6245
25,"male",24.985,2,"no","northeast",23241.47453
25,"male",35.625,0,"no","northwest",2534.39375
49,"male",37.51,2,"no","southeast",9304.7019
19,"female",40.5,0,"no","southwest",1759.338
46,"male",27.6,0,"no","southwest",24603.04837
37,"male",29.64,0,"no","northwest",5028.1466
32,"male",30.8,3,"no","southwest",5253.524
53,"female",22.61,3,"yes","northeast",24873.3849
46,"female",27.74,0,"no","northwest",8026.6666
39,"male",45.43,2,"no","southeast",6356.2707
34,"male",25.27,1,"no","northwest",4894.7533
51,"female",36.385,3,"no","northwest",11436.73815
23,"male",34.4,0,"no","southwest",1826.843
59,"female",27.5,0,"no","southwest",12233.828
27,"male",23.1,0,"no","southeast",2483.736
60,"male",39.9,0,"yes","southwest",48173.361
54,"male",33.63,1,"no","northwest",10825.2537
21,"male",26.03,0,"no","northeast",2102.2647
27,"male",45.9,2,"no","southwest",3693.428
45,"female",38.285,0,"no","northeast",7935.29115
61,"female",39.1,2,"no","southwest",14235.072
32,"male",27.835,1,"no","northwest",4454.40265
18,"male",34.1,0,"no","southeast",1137.011
43,"male",27.36,3,"no","northeast",8606.2174
47,"female",32,1,"no","southwest",8551.347
32,"male",28.93,1,"yes","southeast",19719.6947
37,"male",29.8,0,"no","southwest",20420.60465
58,"male",34.39,0,"no","northwest",11743.9341
41,"female",31.635,1,"no","northeast",7358.17565
51,"female",18.05,0,"no","northwest",9644.2525
55,"male",28.975,0,"no","northeast",10796.35025
23,"female",28.12,0,"no","northwest",2690.1138
59,"male",25.46,1,"no","northeast",12913.9924
62,"male",37.4,0,"no","southwest",12979.358
42,"female",26.6,0,"yes","northwest",21348.706
27,"female",32.395,1,"no","northeast",18903.49141
53,"male",21.4,1,"no","southwest",10065.413
50,"male",26.6,0,"no","southwest",8444.474
56,"female",32.3,3,"no","northeast",13430.265
18,"female",33.155,0,"no","northeast",2207.69745
21,"male",27.36,0,"no","northeast",2104.1134
48,"female",27.36,1,"no","northeast",9447.3824
43,"female",26.885,0,"yes","northwest",21774.32215
38,"female",30.21,3,"no","northwest",7537.1639
41,"male",35.75,1,"yes","southeast",40273.6455
33,"female",36.29,3,"no","northeast",6551.7501
30,"male",44.22,2,"no","southeast",4266.1658
38,"male",27.835,2,"no","northwest",6455.86265
18,"female",28.215,0,"no","northeast",2200.83085
38,"male",21.12,3,"no","southeast",6652.5288
42,"male",24.605,2,"yes","northeast",21259.37795
39,"female",32.5,1,"no","southwest",6238.298
64,"male",39.16,1,"no","southeast",14418.2804
18,"female",38.28,0,"no","southeast",1631.8212
40,"female",36.19,0,"no","southeast",5920.1041
57,"female",28.785,4,"no","northeast",14394.39815
47,"female",24.32,0,"no","northeast",8534.6718
23,"male",24.51,0,"no","northeast",2396.0959
19,"male",31.92,0,"yes","northwest",33750.2918
31,"female",25.74,0,"no","southeast",3756.6216
19,"female",20.6,0,"no","southwest",1731.677
32,"male",28.88,0,"no","northwest",3866.8552
31,"female",23.6,2,"no","southwest",4931.647
18,"male",28.5,0,"no","northeast",1712.227
64,"male",40.48,0,"no","southeast",13831.1152
56,"female",37.51,2,"no","southeast",12265.5069
39,"male",26.22,1,"no","northwest",6123.5688
56,"male",36.1,3,"no","southwest",12363.547
25,"female",42.13,1,"no","southeast",3238.4357
57,"male",40.28,0,"no","northeast",20709.02034
57,"female",34.295,2,"no","northeast",13224.05705
39,"female",18.3,5,"yes","southwest",19023.26
26,"female",34.2,2,"no","southwest",3987.926
28,"male",30.875,0,"no","northwest",3062.50825
44,"female",43.89,2,"yes","southeast",46200.9851
46,"male",25.8,5,"no","southwest",10096.97
64,"male",37.905,0,"no","northwest",14210.53595
60,"female",36.005,0,"no","northeast",13228.84695
19,"female",31.825,1,"no","northwest",2719.27975
39,"male",42.655,0,"no","northeast",5757.41345
40,"female",29.81,1,"no","southeast",6500.2359
52,"female",24.86,0,"no","southeast",27117.99378
42,"female",24.985,2,"no","northwest",8017.06115
20,"female",28.975,0,"no","northwest",2257.47525
21,"male",25.745,2,"no","northeast",3279.86855
36,"male",30.875,1,"no","northwest",5373.36425
19,"female",30.495,0,"no","northwest",2128.43105
18,"male",31.68,2,"yes","southeast",34303.1672
54,"male",30.8,1,"yes","southeast",41999.52
54,"female",35.815,3,"no","northwest",12495.29085
18,"female",35.625,0,"no","northeast",2211.13075
48,"female",41.23,4,"no","northwest",11033.6617
52,"male",34.1,0,"no","southeast",9140.951
60,"female",35.1,0,"no","southwest",12644.589
39,"female",24.225,5,"no","northwest",8965.79575
43,"male",35.31,2,"no","southeast",18806.14547
40,"male",24.97,2,"no","southeast",6593.5083
18,"male",15.96,0,"no","northeast",1694.7964
47,"male",36.2,1,"no","southwest",8068.185
57,"female",29.81,0,"yes","southeast",27533.9129
43,"female",20.045,2,"yes","northeast",19798.05455
18,"female",26.315,0,"no","northeast",2198.18985
38,"male",19.95,1,"no","northwest",5855.9025
20,"female",22.42,0,"yes","northwest",14711.7438
20,"male",35.31,1,"no","southeast",27724.28875
19,"male",27.6,0,"no","southwest",1252.407
57,"female",20.1,1,"no","southwest",12032.326
60,"male",33.11,3,"no","southeast",13919.8229
51,"female",25.8,1,"no","southwest",9861.025
44,"female",38.95,0,"yes","northwest",42983.4585
35,"female",23.465,2,"no","northeast",6402.29135
41,"male",34.21,1,"no","southeast",6289.7549
44,"male",31.35,1,"yes","northeast",39556.4945
31,"female",32.775,2,"no","northwest",5327.40025
18,"female",31.35,4,"no","northeast",4561.1885
59,"male",37.4,0,"no","southwest",21797.0004
62,"female",33.2,0,"no","southwest",13462.52
59,"female",36.52,1,"no","southeast",28287.89766
44,"male",37.1,2,"no","southwest",7740.337
52,"female",37.525,2,"no","northwest",33471.97189
47,"male",19.19,1,"no","northeast",8627.5411
49,"male",31.35,1,"no","northeast",9290.1395
37,"female",30.8,2,"no","southeast",6313.759
41,"female",37.1,2,"no","southwest",7371.772
45,"male",39.805,0,"no","northeast",7448.40395
44,"female",26.41,0,"no","northwest",7419.4779
47,"male",32.3,1,"no","southwest",8062.764
19,"female",23.4,2,"no","southwest",2913.569
52,"female",33.3,2,"no","southwest",10806.839
42,"male",37.18,2,"no","southeast",7162.0122
60,"female",28.7,1,"no","southwest",13224.693
32,"female",44.22,0,"no","southeast",3994.1778
56,"male",33.66,4,"no","southeast",12949.1554
63,"male",28.31,0,"no","northwest",13770.0979
